{"count":1,"self":16.7638656,"total":25.871005099999998,"children":{"AgentSendState":{"count":10001,"self":0.057899599999999996,"total":0.20055499999999998,"children":{"CollectObservations":{"count":2001,"self":0.079397399999999993,"total":0.079397399999999993,"children":null},"CollectDiscreteActionMasks":{"count":2001,"self":0.0036907999999999997,"total":0.0036907999999999997,"children":null},"AgentInfo.ToProto":{"count":2001,"self":0.0166743,"total":0.0595672,"children":{"GenerateSensorData":{"count":2001,"self":0.0428929,"total":0.0428929,"children":null}}}}},"DecideAction":{"count":10001,"self":8.8677048,"total":8.8677048,"children":null},"AgentAct":{"count":10001,"self":0.0368835,"total":0.0368835,"children":null}},"gauges":{},"metadata":{"timer_format_version":"0.1.0","start_time_seconds":"1635569904","unity_version":"2020.1.7f1","command_line_arguments":"C:\\Users\\Yuwol\\Documents\\GitHub\\CoE202-Truck-Driver\\src\\..\/Road2\/Prototype 1.exe --mlagents-port 5005","communication_protocol_version":"1.0.0","com.unity.ml-agents_version":"1.0.4","scene_name":"road2","end_time_seconds":"1635569930"}}